run_id,worksheet,sample_id,variant,reference_vaf,sample_vaf,difference,percent_difference,variant_in_sample
230612_A01771_0236_BHKGJLDMXY,23-2695,22M92078,chr14:105246551C>T,0.0049,0.0024,-0.0025,-51.02,True
230612_A01771_0236_BHKGJLDMXY,23-2695,22M92078,chr2:29443613C>T,0.0059,0.006,0.0001,1.695,True
230612_A01771_0236_BHKGJLDMXY,23-2695,22M92078,chr2:29443695G>T,0.0061,0.007,0.0009,14.754,True
230612_A01771_0236_BHKGJLDMXY,23-2695,22M92078,chr7:140453136A>T,0.0056,0.0022,-0.0034,-60.714,True
230612_A01771_0236_BHKGJLDMXY,23-2695,22M92078,chr17:41245586CT>C,,,,,False
230612_A01771_0236_BHKGJLDMXY,23-2695,22M92078,chr13:32936787AG>A,,,,,False
230612_A01771_0236_BHKGJLDMXY,23-2695,22M92078,GOPC;ROS1--CD74,,,,,True
230612_A01771_0236_BHKGJLDMXY,23-2695,22M92078,chr7:55249071C>T,0.0056,0.0061,0.0005,8.929,True
230612_A01771_0236_BHKGJLDMXY,23-2695,22M92078,chr7:55259515T>G,0.0051,0.0057,0.0006,11.765,True
230612_A01771_0236_BHKGJLDMXY,23-2695,22M92078,chr7:55242469TTAAGAGAAGCAACATCTC>T,0.0053,0.0059,0.0006,11.321,True
230612_A01771_0236_BHKGJLDMXY,23-2695,22M92078,chr7:55242483ATCTCCGAAAGCCAACAAGGAAATC>A,0.0047,0.0035,-0.0012,-25.532,True
230612_A01771_0236_BHKGJLDMXY,23-2695,22M92078,chr7:55242464AGGAATTAAGAGAAGC>A,0.0056,0.0067,0.0011,19.643,True
230612_A01771_0236_BHKGJLDMXY,23-2695,22M92078,ALK--EML4,,,,,True
230612_A01771_0236_BHKGJLDMXY,23-2695,22M92078,chr17:37880981A>AGCATACGTGATG,0.0038,0.0028,-0.001,-26.316,True
230612_A01771_0236_BHKGJLDMXY,23-2695,22M92078,chr4:55599321A>T,0.0067,0.0077,0.001,14.925,True
230612_A01771_0236_BHKGJLDMXY,23-2695,22M92078,chr12:25398285C>A,0.0053,0.0059,0.0006,11.321,True
230612_A01771_0236_BHKGJLDMXY,23-2695,22M92078,chr12:25398284C>T,0.0051,0.0076,0.0025,49.02,True
230612_A01771_0236_BHKGJLDMXY,23-2695,22M92078,chr12:25380275T>G,0.0036,0.0074,0.0038,105.556,True
230612_A01771_0236_BHKGJLDMXY,23-2695,22M92078,RET--NCOA4,,,,,True
230612_A01771_0236_BHKGJLDMXY,23-2695,22M92078,chr1:115256529T>C,0.0048,0.0047,-0.0001,-2.083,True
230612_A01771_0236_BHKGJLDMXY,23-2695,22M92078,chr3:178952085A>G,0.0059,0.0042,-0.0017,-28.814,True
230612_A01771_0236_BHKGJLDMXY,23-2695,22M92078,chr3:178952149C>CA,0.0039,0.0047,0.0008,20.513,True