Gene     , COSMIC_ID , Amino_Acid_Change     , GRCh38_Coordinate                     , Genomic_HGVS
AKT1     , COSM33765 , p.E17K                , chr14:104780214G>A                    , NM_001382430.1:c.49G>A (p.Glu17Lys)
BRAF     , COSM476   , p.V600E               , chr7:140753336A>T                     , NM_004333.6:c.1799T>A (p.Val600Glu)
EGFR     , COSM6224  , p.L858R               , chr7:55191822T>G                      , NM_005228.5:c.2573T>G (p.Leu858Arg)
EGFR     , COSM6240  , p.T790M               , chr7:55181378C>T                      , NM_005228.5:c.2369C>T (p.Thr790Met)
ERBB2    , COSM20959 , p.A775_G776insYVMA    , chr17:39724733_39724734insCTCCGTGATGGC, NM_004448.4:c.2324_2325insCTCCGTGATGGC (p.Ala775_Gly776insYVMA)
KIT      , COSM1134  , p.D816V               , chr4:54733155A>T                      , NM_000222.3:c.2447A>T (p.Asp816Val)
KRAS     , COSM521   , p.G12D                , chr12:25245350G>A                     , NM_004985.5:c.35G>A (p.Gly12Asp)
NCOA4/RET, NA        , Translocation         , Fusion – no coordinate                , NCOA4-RET fusion (variable breakpoints)
NRAS     , COSM584   , p.Q61R                , chr1:114713907_114713908delinsGG      , NM_002524.5:c.182_183delinsGG (p.Gln61Arg)
PIK3CA   , COSM775   , p.H1047R              , chr3:179234297A>G                     , NM_006218.4:c.3140A>G (p.His1047Arg)
PIK3CA   , COSM124643, p.N1068fs*4           , chr3:179234360dup                     , NM_006218.4:c.3203dup (p.Asn1068fs*4)
EML4-ALK , NA        , Translocation         , Fusion – no coordinate                , EML4-ALK fusion (variable breakpoints)
ALK      , COSM144250, p.G1202R              , chr2:29220747G>A                      , NM_004304.5:c.3604G>A (p.Gly1202Arg)
ALK      , COSM28055 , p.F1174L              , chr2:29220829C>A                      , NM_004304.5:c.3522C>A (p.Phe1174Leu)
BRCA1    , COSM138519, p.K654fs*47           , chr17:43093570del                     , NM_007294.4:c.1961del (p.Lys654Serfs*47)
BRCA2    , COSM173842, p.R2645fs*3           , chr13:32362651del                     , NM_000059.4:c.7934del (p.Arg2645fs)
EGFR     , COSM12270 , p.L747_P753>S         , chr7:55174777_55174794del             , NM_005228.5:c.2240_2257del (p.Leu747_Pro753delinsSer)
EGFR     , COSM6256  , p.S752_I759delSPKANKEI, chr7:55174791_55174814del             , NM_005228.5:c.2254_2277del (p.Ser752_Ile759del)
EGFR     , COSM6223  , p.E746_A750delELREA   , chr7:55174772_55174786del             , NM_005228.5:c.2235_2249del (p.Glu746_Ala750del)
KRAS     , COSM516   , p.G12C                , chr12:25245351G>T                     , NM_004985.5:c.34G>T (p.Gly12Cys)
CD74/ROS1, NA        , Translocation         , Fusion – no coordinate                , CD74-ROS1 fusion (variable breakpoints)
KRAS     , COSM554   , p.Q61H                , chr12:25227341A>T                     , NM_004985.5:c.183A>T (p.Gln61His)
